# noinspection SqlNoDataSourceInspectionForFile
INSERT INTO USERS (ID, NAME, PASSWORD, Email) VALUES (1, 'admin', '$2a$08$lDnHPz7eUkSi6ao14Twuau08mzhWrL4kyZGGU5xfiGALO/Vxd5DOi','admin@localhost');
INSERT INTO USERS (ID, NAME, PASSWORD, Email) VALUES (2, 'user', '$2a$08$UkVvwpULis18S19S5pZFn.YHPZt3oaqHZnDwqbCW9pft6uFtkXKDC','user@localhost');
INSERT INTO USERS (ID, NAME, PASSWORD, Email) VALUES (3, 'user2', '$2a$08$UkVvwpULis18S19S5pZFn.YHPZt3oaqHZnDwqbCW9pft6uFtkXKDC','user2@localhost');

INSERT INTO AUTHORITY (NAME) VALUES ('ROLE_STUDENT');
INSERT INTO AUTHORITY (NAME) VALUES ('ROLE_TEACHER');
INSERT INTO AUTHORITY (NAME) VALUES ('ROLE_ADMIN');

INSERT INTO USER_AUTHORITY (USER_ID, AUTHORITY_NAME) VALUES (2, 'ROLE_STUDENT');
INSERT INTO USER_AUTHORITY (USER_ID, AUTHORITY_NAME) VALUES (1, 'ROLE_ADMIN');
INSERT INTO USER_AUTHORITY (USER_ID, AUTHORITY_NAME) VALUES (3, 'ROLE_TEACHER');

INSERT INTO SKILL (ID,NAME,DESCRIPTION,ISDELETED,verificationstatus) VALUES (1,'JAVA','Programming Language',0,1);
INSERT INTO SKILL (ID,NAME,DESCRIPTION,ISDELETED,verificationstatus) VALUES (2,'PYTHON','Programming Language',0,1);
INSERT INTO SKILL (ID,NAME,DESCRIPTION,ISDELETED,verificationstatus) VALUES (3,'C++','Programming Language',0,1);

INSERT INTO USER_SKILL (USER_ID,SKILL_ID) VALUES (2,1);
INSERT INTO USER_SKILL (USER_ID,SKILL_ID) VALUES (2,3);
INSERT INTO USER_SKILL (USER_ID,SKILL_ID) VALUES (3,2);


INSERT INTO EXPERIENCE (ID,NAME,DESCRIPTION,DAO_USER_ID) VALUES (1,'GOOGLE','WORKED AT GOOGLE PAY',2);
INSERT INTO EXPERIENCE (ID,NAME,DESCRIPTION,DAO_USER_ID) VALUES (2,'FACEBOOK','WORKED AT MESSENGER',2);
INSERT INTO EXPERIENCE (ID,NAME,DESCRIPTION,DAO_USER_ID) VALUES (3,'AMAZON','WORKED AT ALEXA',3);



INSERT INTO USER_EXPERIENCE (USER_ID,EXPERIENCE_ID) VALUES (2,1);
INSERT INTO USER_EXPERIENCE (USER_ID,EXPERIENCE_ID) VALUES (2,3);
INSERT INTO USER_EXPERIENCE (USER_ID,EXPERIENCE_ID) VALUES (3,2);


INSERT INTO EXPERIENCE_SKILL (EXPERIENCE_ID,SKILL_ID) VALUES (1,1);
INSERT INTO EXPERIENCE_SKILL (EXPERIENCE_ID,SKILL_ID) VALUES (1,3);
INSERT INTO EXPERIENCE_SKILL (EXPERIENCE_ID,SKILL_ID) VALUES (2,3);
INSERT INTO EXPERIENCE_SKILL (EXPERIENCE_ID,SKILL_ID) VALUES (3,2);

INSERT INTO COURSES (ID,TITLE,DESCRIPTION,OFFERED_PRICE,COURSE_DURATION,USER,IS_PUBLIC) VALUES (1,"Learn Spring","ADV. JAVA",99.99,25,2,1);
INSERT INTO COURSES (ID,TITLE,DESCRIPTION,OFFERED_PRICE,COURSE_DURATION,USER,IS_PUBLIC) VALUES (2,"Learn PROGRAMMING","ADV. AWS",49.99,5,3,1);
INSERT INTO COURSES (ID,TITLE,DESCRIPTION,OFFERED_PRICE,COURSE_DURATION,USER,IS_PUBLIC) VALUES (3,"Learn C++","ADV CPP",59.99,25,3,1);

INSERT INTO COURSE_SKILL(COURSE_ID,SKILL_ID) VALUES (1,1);
INSERT INTO COURSE_SKILL(COURSE_ID,SKILL_ID) VALUES (1,2);
INSERT INTO COURSE_SKILL(COURSE_ID,SKILL_ID) VALUES (2,3);
INSERT INTO COURSE_SKILL(COURSE_ID,SKILL_ID) VALUES (3,3);

INSERT INTO COURSE_RESPONSES(ID,MESSAGE,proposed_Price,status,USER,course) VALUES (101,"Please Teach Me This",40.99,0,2,2);
INSERT INTO COURSE_RESPONSES(ID,MESSAGE,proposed_Price,status,USER,course) VALUES (102,"Teach Me This",40.99,0,2,3);
INSERT INTO COURSE_RESPONSES(ID,MESSAGE,proposed_Price,status,USER,course) VALUES (103,"Help Me With This Course",10.99,0,3,1);